-- 使用数据库
use dessert_three_groups;

-- 1. 甜品种类 (category)
insert into category (name, description) values
                                             ('传统甜品', '精致到不忍下嘴的中国传统甜品，个个都经典'),
                                             ('凉粉系列', '创意凉粉系列，将凉粉这一种民间小吃融入菜肴'),
                                             ('雪山系列', '造型高颜值，口感绵软，越嚼越有嚼劲'),
                                             ('新式茶饮', '融合现代口味的茶饮甜品，清爽解腻'),
                                             ('烘焙糕点', '酥脆松软的西式和中式烘焙，下午茶首选'),
                                             ('冰品系列', '夏日专属冰沙、冰淇淋，透心凉');

-- 2. 甜品 (dessert)
insert into dessert (name, photo_url, price, description, release_date, cat_id ,dessert_status , dessert_number) values
                                                                                    ('生磨芝麻糊加黑糯米', '/photo/001.jpg', 15.00, '满满一碗芝麻糊中央放了一个圆圆的黑糯米球，入口醇香柔滑', '2024-02-01', 1 , true ,0),
                                                                                    ('红豆沙汤圆', '/photo/002.jpg', 12.00, '细腻红豆沙搭配软糯汤圆，甜蜜暖胃', '2024-02-10', 1 , true ,0),
                                                                                    ('桂花糯米藕', '/photo/003.jpg', 18.00, '藕孔填满糯米，桂花蜜汁浸润，清甜软糯', '2024-02-15', 1, true ,0),
                                                                                    ('鲜杂果凉粉(椰汁芒汁)', '/photo/004.jpg', 20.00, '新鲜水果料足量多，如艺术品般令人赞叹的造型', '2024-02-03', 2, true ,0),
                                                                                    ('酸梅凉粉', '/photo/005.jpg', 14.00, '老北京酸梅汤搭配凉粉，酸甜开胃', '2024-02-18', 2, true ,0),
                                                                                    ('牛奶芋圆凉粉', '/photo/006.jpg', 22.00, 'Q弹芋圆配上爽滑凉粉，牛奶基底浓郁', '2024-03-01', 2, true ,0),
                                                                                    ('芒果雪山冰', '/photo/007.jpg', 28.00, '绵软冰沙搭配新鲜芒果，夏日必备', '2024-03-05', 3, true ,0),
                                                                                    ('抹茶雪山冰', '/photo/008.jpg', 30.00, '日式抹茶与奶冰的完美融合', '2024-03-10', 3, true ,0),
                                                                                    ('草莓雪山冰', '/photo/009.jpg', 32.00, '新鲜草莓果肉在绵密冰沙上堆成小山', '2024-03-15', 3, true ,0),
                                                                                    ('多肉葡萄茶', '/photo/010.jpg', 18.00, '葡萄果肉搭配茉莉茶底，清爽解暑', '2024-03-20', 4, true ,0),
                                                                                    ('芝士莓莓', '/photo/011.jpg', 22.00, '草莓冰沙搭配芝士奶盖，酸甜交织', '2024-03-25', 4, true ,0),
                                                                                    ('杨枝甘露', '/photo/012.jpg', 26.00, '芒果椰汁西柚粒，经典港式甜品茶饮', '2024-04-01', 4, true ,0),
                                                                                    ('蛋黄酥', '/photo/013.jpg', 12.00, '酥皮层层分明，咸蛋黄细腻流油', '2024-04-05', 5, true ,0),
                                                                                    ('蝴蝶酥', '/photo/014.jpg', 15.00, '法式经典，焦糖酥脆，一口掉渣', '2024-04-08', 5, true ,0),
                                                                                    ('抹茶慕斯蛋糕', '/photo/015.jpg', 35.00, '抹茶与奶油的完美搭配，入口即化', '2024-04-12', 5, true ,0),
                                                                                    ('经典香草冰淇淋', '/photo/016.jpg', 10.00, '马达加斯加香草，细腻顺滑', '2024-04-15', 6, true ,0),
                                                                                    ('巧克力脆皮雪糕', '/photo/017.jpg', 12.00, '外层脆皮可可脂，内层奶香浓郁', '2024-04-18', 6, true ,0),
                                                                                    ('抹茶双色蛋筒', '/photo/018.jpg', 14.00, '抹茶和原味双旋，搭配脆筒', '2024-04-20', 6, true ,0);

-- 3. 职称信息 (t_role)
insert into t_role (role, role_permissions) values
                                                ('老板', '管理员'),
                                                ('店长', '管理员'),
                                                ('收银员', '普通'),
                                                ('甜品师', '普通'),
                                                ('后厨', '普通'),
                                                ('服务员', '普通'),
                                                ('保洁', '普通');
-- 4. 员工信息 (t_user)
-- BCrypt hash: 12345 -> $2a$10$B8LxkYNhwl.uTFKc992ItOqSDPDzQ1q2EmJ6MgvMET/k/hrr.BReW
-- BCrypt hash: 123   -> $2a$10$M.Nz3hjbQo0QaIyQ/yrOpectmUbUQ9az/yg4XES6yHfWb2jRfKDky
insert into t_user (name, gender, phone, username, password, position, hire_date, shift) values
                                                                                             ('张三', '男', '13800138001', 'admin', '$2a$10$B8LxkYNhwl.uTFKc992ItOqSDPDzQ1q2EmJ6MgvMET/k/hrr.BReW', '老板', '2023-01-01', '全天'),
                                                                                             ('李四', '女', '13800138002', 'bob', '$2a$10$M.Nz3hjbQo0QaIyQ/yrOpectmUbUQ9az/yg4XES6yHfWb2jRfKDky', '店长', '2023-02-01', '全天'),
                                                                                             ('王五', '男', '13800138003', 'wangwu', '$2a$10$M.Nz3hjbQo0QaIyQ/yrOpectmUbUQ9az/yg4XES6yHfWb2jRfKDky', '甜品师', '2023-03-01', '早班'),
                                                                                             ('赵六', '女', '13800138004', 'zhaoliu', '$2a$10$M.Nz3hjbQo0QaIyQ/yrOpectmUbUQ9az/yg4XES6yHfWb2jRfKDky', '收银员', '2023-04-01', '晚班'),
                                                                                             ('陈七', '男', '13800138005', 'chenqi', '$2a$10$M.Nz3hjbQo0QaIyQ/yrOpectmUbUQ9az/yg4XES6yHfWb2jRfKDky', '服务员', '2023-05-01', '中班'),
                                                                                             ('周六', '女', '13800138006', 'zhouliu', '$2a$10$M.Nz3hjbQo0QaIyQ/yrOpectmUbUQ9az/yg4XES6yHfWb2jRfKDky', '后厨', '2023-06-01', '早班'),
                                                                                             ('吴八', '男', '13800138007', 'wuba', '$2a$10$M.Nz3hjbQo0QaIyQ/yrOpectmUbUQ9az/yg4XES6yHfWb2jRfKDky', '保洁', '2023-07-01', '早班'),
                                                                                             ('孙千', '女', '13800138008', 'sunqian', '$2a$10$M.Nz3hjbQo0QaIyQ/yrOpectmUbUQ9az/yg4XES6yHfWb2jRfKDky', '甜品师', '2023-08-01', '中班'),
                                                                                             ('李思', '女', '13800138009', 'lisi', '$2a$10$M.Nz3hjbQo0QaIyQ/yrOpectmUbUQ9az/yg4XES6yHfWb2jRfKDky', '收银员', '2023-09-01', '晚班'),
                                                                                             ('周九', '男', '13800138010', 'zhoujiu', '$2a$10$M.Nz3hjbQo0QaIyQ/yrOpectmUbUQ9az/yg4XES6yHfWb2jRfKDky', '服务员', '2023-10-01', '早班');
-- 5. 员工职称关联 (t_user_role)
insert into t_user_role (user_id, role_id) values
                                               (1,1), (2,2), (3,4), (4,3), (5,6), (6,5), (7,7), (8,4), (9,3), (10,6);

-- 6. 原料信息 (material_information) -- 主键字段名为 material_id
insert into material_information (material_code, material_name, material_category, material_specification, material_unit, material_shelf_life_days, material_storage_condition, material_remark) values
                                                                                                                                                                                                     ('MAT001', '低筋面粉', '烘焙原料', '25kg/袋', '克', 90, '阴凉干燥处', '用于蛋糕制作'),
                                                                                                                                                                                                     ('MAT002', '细砂糖', '调味品', '50kg/袋', '克', 180, '密封防潮', '常用甜味剂'),
                                                                                                                                                                                                     ('MAT003', '淡奶油', '乳制品', '1L/盒', '毫升', 21, '冷藏0-4℃', '动物奶油'),
                                                                                                                                                                                                     ('MAT004', '新鲜芒果', '水果', '散装', '千克', 7, '常温通风', '季节性食材'),
                                                                                                                                                                                                     ('MAT005', '吉利丁片', '增稠剂', '500g/袋', '克', 365, '阴凉干燥', '用于慕斯、布丁'),
                                                                                                                                                                                                     ('MAT006', '抹茶粉', '调味品', '500g/袋', '克', 240, '密封避光', '日本宇治抹茶'),
                                                                                                                                                                                                     ('MAT007', '红豆馅', '馅料', '5kg/袋', '千克', 60, '阴凉干燥', '用于制作红豆沙'),
                                                                                                                                                                                                     ('MAT008', '糯米粉', '烘焙原料', '25kg/袋', '克', 90, '阴凉干燥', '汤圆、糯米甜品'),
                                                                                                                                                                                                     ('MAT009', '椰汁', '饮料', '1L/盒', '毫升', 180, '常温避光', '用于凉粉、饮品');

-- 7. 库存 (material_inventory)
insert into material_inventory (material_id, current_inventory_level, safety_stock_quantity, last_purchase_time) values
                                                                                                                     (1, 5000.00, 1000.00, '2024-04-01'),
                                                                                                                     (2, 20000.00, 5000.00, '2024-03-15'),
                                                                                                                     (3, 6000.00, 2000.00, '2024-04-05'),
                                                                                                                     (4, 25.00, 10.00, '2024-04-08'),
                                                                                                                     (5, 1000.00, 300.00, '2024-02-20'),
                                                                                                                     (6, 500.00, 200.00, '2024-03-25'),
                                                                                                                     (7, 100.00, 30.00, '2024-04-10'),
                                                                                                                     (8, 8000.00, 2000.00, '2024-04-02'),
                                                                                                                     (9, 150.00, 50.00, '2024-04-12');

-- 8. 采购记录 (purchase_record) -- user_id 必须对应 t_user 中已存在的 id
insert into purchase_record (purchase_order_number, purchase_date, material_id, purchase_quantity, purchase_price, purchase_amount, supplier_name, production_batch, production_date, payment_status, user_id, procuring_entity, remark) values
                                                                                                                                                                                                                                             ('PO20240401001', '2024-04-01', 1, 5000, 2.50, 12500.00, '中粮集团', 'B20240301', '2024-03-01', 2, 1, '张三', '面粉正常补货'),
                                                                                                                                                                                                                                             ('PO20240405001', '2024-04-05', 3, 6000, 12.00, 72000.00, '安佳乳业', 'C20240320', '2024-03-20', 2, 1, '张三', '淡奶油季节性采购'),
                                                                                                                                                                                                                                             ('PO20240315001', '2024-03-15', 2, 20000, 3.00, 60000.00, '广西糖业', 'A20240115', '2024-01-15', 2, 2, '李四', '细砂糖库存补充'),
                                                                                                                                                                                                                                             ('PO20240408001', '2024-04-08', 4, 30, 8.00, 240.00, '本地果农', 'M20240408', '2024-04-08', 0, 2, '李四', '芒果急需采购，当日批次'),
                                                                                                                                                                                                                                             ('PO20240220001', '2024-02-20', 5, 1000, 0.50, 500.00, '烘焙原料店', 'G20240101', '2024-01-01', 1, 3, '王五', '吉利丁片常规备货'),
                                                                                                                                                                                                                                             ('PO20240325001', '2024-03-25', 6, 500, 15.00, 7500.00, '日本抹茶贸易', 'J20240301', '2024-03-01', 2, 3, '王五', '新批次抹茶粉'),
                                                                                                                                                                                                                                             ('PO20240410001', '2024-04-10', 7, 100, 5.00, 500.00, '顺鑫食品', 'H20240405', '2024-04-05', 2, 2, '李四', '红豆馅常规采购'),
                                                                                                                                                                                                                                             ('PO20240402001', '2024-04-02', 8, 8000, 2.00, 16000.00, '五得利面粉厂', 'D20240325', '2024-03-25', 2, 1, '张三', '糯米粉备货'),
                                                                                                                                                                                                                                             ('PO20240412001', '2024-04-12', 9, 150, 6.00, 900.00, '椰树集团', 'E20240401', '2024-04-01', 0, 2, '李四', '椰汁补货（未付款）'),
                                                                                                                                                                                                                                             ('PO20240415001', '2024-04-15', 1, 2000, 2.60, 5200.00, '中粮集团', 'B20240410', '2024-04-10', 1, 1, '张三', '面粉紧急补货（部分付）'),
                                                                                                                                                                                                                                             ('PO20240418001', '2024-04-18', 3, 3000, 11.50, 34500.00, '安佳乳业', 'C20240415', '2024-04-15', 2, 3, '王五', '淡奶油降价采购'),
                                                                                                                                                                                                                                             ('PO20240420001', '2024-04-20', 5, 500, 0.55, 275.00, '烘焙原料店', 'G20240410', '2024-04-10', 0, 4, '赵六', '吉利丁片小量补货');